{"time_elapsed": 352100.0, "ship": {"x": 218315.7373422813, "y": 938948.7091034361, "vx": 361.45162413577634, "vy": -84.04141330137332, "heading": 2.920840629349647, "ap_state": "ORBIT INSERTION", "target": "Sun"}, "camera": {"target": "Sun", "scale": 9.390259189651983e-05}}